City_ID,City,Lat,Lng,Max Temp,Humidity,Cloudiness,Wind Speed,Country,Date
0,bethel,41.3712,-73.414,293.32,79,40,5.66,US,1719836502
1,makurazaki,31.2667,130.3167,298.34,92,100,3.65,JP,1719836503
2,iqaluit,63.7506,-68.5145,281.0,66,75,6.69,CA,1719836407
3,san luis de la loma,17.2706,-100.8939,298.59,90,100,2.41,MX,1719836506
4,bredasdorp,-34.5322,20.0403,291.58,58,0,2.58,ZA,1719836509
5,nemuro,43.3236,145.575,286.16,85,54,9.84,JP,1719836510
6,nuuk,64.1835,-51.7216,280.49,81,75,1.03,GL,1719836512
7,margaret river,-33.95,115.0667,290.53,68,87,9.38,AU,1719836515
8,sao vicente,-23.9631,-46.3919,291.25,53,75,0.0,BR,1719836517
9,blackmans bay,-43.0167,147.3167,276.22,90,12,0.45,AU,1719836518
10,el alto,-4.2714,-81.2147,289.96,80,12,5.72,PE,1719836520
11,badger,64.8,-147.5333,290.1,82,100,0.0,US,1719836521
12,st. john's,47.5649,-52.7093,290.81,98,100,13.89,CA,1719836523
13,sisimiut,66.9395,-53.6735,277.28,95,100,1.95,GL,1719836525
14,mawlaik,23.6333,94.4167,298.33,98,100,0.62,MM,1719836526
15,ilulissat,69.2167,-51.1,278.16,87,40,5.14,GL,1719836528
16,papatowai,-46.5619,169.4708,279.83,89,100,8.71,NZ,1719836530
17,albany,42.6001,-73.9662,290.31,91,89,0.89,US,1719836531
18,tura,25.5198,90.2201,297.01,99,100,2.79,IN,1719836533
19,thompson,55.7435,-97.8558,288.24,67,75,1.03,CA,1719836535
20,ushuaia,-54.8,-68.3,270.96,93,0,1.03,AR,1719836536
21,edinburgh of the seven seas,-37.0676,-12.3116,287.51,78,3,12.15,SH,1719836538
22,adamstown,-25.066,-130.1015,292.21,56,26,9.93,PN,1719836539
23,namibe,-15.1961,12.1522,297.74,52,0,6.65,AO,1719836541
24,grytviken,-54.2811,-36.5092,266.44,73,42,3.58,GS,1719836543
25,santa terezinha,-29.9002,-50.0904,282.43,53,1,1.39,BR,1719836544
26,pyhajarvi,67.0701,27.2176,286.44,75,100,1.34,FI,1719836546
27,northam,51.0333,-4.2167,289.48,81,100,5.24,GB,1719836547
28,fisterra,42.9049,-9.2629,300.54,77,0,8.23,ES,1719836549
29,puerto natales,-51.7236,-72.4875,273.4,80,75,1.54,CL,1719836550
30,lerwick,60.1545,-1.1494,284.15,96,93,6.76,GB,1719836552
31,port elizabeth,-33.918,25.5701,293.2,96,20,5.14,ZA,1719836553
32,kingston,17.997,-76.7936,302.68,66,14,4.12,JM,1719836555
33,west island,-12.1568,96.8225,300.14,74,100,8.75,CC,1719836557
34,mugia,43.1041,-9.2179,297.68,79,0,7.32,ES,1719836558
35,kiunga,-6.1219,141.2906,296.59,99,67,1.09,PG,1719836560
36,brookings,44.3114,-96.7984,290.43,81,100,6.69,US,1719836561
37,petropavlovsk-kamchatsky,53.0452,158.6483,281.48,100,100,2.0,RU,1719836563
38,lorengau,-2.0226,147.2712,300.93,80,99,3.92,PG,1719836564
39,talnakh,69.4865,88.3972,286.66,44,87,1.86,RU,1719836566
40,khujand,40.2853,69.6279,304.75,22,20,7.0,TJ,1719836567
41,morondava,-20.2833,44.2833,299.17,46,27,5.69,MG,1719836569
42,port-aux-francais,-49.35,70.2167,275.09,73,67,15.51,TF,1719836570
43,al qitena,14.8648,32.3668,311.67,25,24,8.89,SD,1719836572
44,gadzhiyevo,69.2551,33.3362,284.3,84,86,4.3,RU,1719836573
45,udachny,66.4167,112.4,288.41,67,97,2.53,RU,1719836575
46,waitangi,-43.9535,-176.5597,285.83,92,100,3.58,NZ,1719836576
47,georgetown,5.4112,100.3354,303.12,64,20,2.06,MY,1719836342
48,khandyga,62.6667,135.6,290.23,82,100,2.7,RU,1719836579
49,ust-nera,64.5667,143.2,289.51,53,88,1.99,RU,1719836581
50,san vicente,-26.6167,-54.1333,281.26,53,0,0.95,AR,1719836582
51,kodiak,57.79,-152.4072,281.88,93,100,3.6,US,1719836584
52,vorgashor,67.5833,63.95,285.19,42,12,3.67,RU,1719836586
53,nar'yan-mar,67.6713,53.087,287.81,39,100,0.18,RU,1719836587
54,ketchikan,55.3422,-131.6461,285.41,94,100,3.09,US,1719836589
55,maragogi,-9.0122,-35.2225,299.68,69,7,4.24,BR,1719836592
56,tiksi,71.6872,128.8694,277.58,80,90,1.49,RU,1719836594
57,bure,10.7,37.0667,291.73,82,83,1.97,ET,1719836597
58,ibusuki,31.2333,130.65,299.46,93,100,3.95,JP,1719836474
59,plumas lake,39.0207,-121.558,294.71,79,0,0.45,US,1719836607
60,bernardo de irigoyen,-26.2552,-53.6458,282.23,52,0,0.98,AR,1719836610
61,yellowknife,62.456,-114.3525,289.44,72,75,2.06,CA,1719836614
62,touros,-5.1989,-35.4608,300.47,71,8,6.86,BR,1719836616
63,mount isa,-20.7333,139.5,285.02,66,11,7.72,AU,1719836618
64,puerto ayora,-0.7393,-90.3518,293.46,100,56,2.51,EC,1719836620
65,happy valley-goose bay,53.3168,-60.3315,289.32,59,20,6.17,CA,1719836621
66,susuman,62.7833,148.1667,283.78,79,65,3.36,RU,1719836623
67,fale old settlement,-9.3852,-171.2468,301.43,76,100,6.82,TK,1719836624
68,inirida,3.8653,-67.9239,297.15,95,57,0.11,CO,1719836626
69,mejit,10.2753,170.8646,300.76,84,90,7.74,MH,1719836627
70,veraval,20.9,70.3667,301.28,89,100,10.76,IN,1719836629
71,hithadhoo,-0.6,73.0833,301.99,76,62,2.8,MV,1719836631
72,bilibino,68.0546,166.4372,284.61,90,100,1.86,RU,1719836632
73,salinopolis,-0.6136,-47.3561,300.88,82,70,4.17,BR,1719836634
74,karratha,-20.7377,116.8463,295.28,45,0,2.08,AU,1719836635
75,medyn',54.9692,35.8586,300.43,58,32,3.1,RU,1719836637
76,klyuchi,52.2667,79.1667,294.24,68,67,4.95,RU,1719836638
77,greymouth,-42.4667,171.2,282.35,89,68,0.95,NZ,1719836408
78,bowen,-20.0167,148.2333,293.38,86,9,3.77,AU,1719836641
79,keflavik,64.0049,-22.5624,285.1,62,75,9.26,IS,1719836643
80,kotido,2.9806,34.1331,301.41,38,66,1.63,UG,1719836645
81,longyearbyen,78.2186,15.6401,280.06,76,75,6.17,SJ,1719836646
82,vadso,70.0744,29.7487,287.64,82,0,4.12,NO,1719836648
83,kapuskasing,49.4169,-82.4331,290.2,67,20,2.57,CA,1719836649
84,la passe,45.5549,-0.8967,294.27,69,71,5.86,FR,1719836651
85,vila franca do campo,37.7167,-25.4333,294.38,62,8,3.78,PT,1719836652
86,manokwari,-0.8667,134.0833,299.55,77,95,0.88,ID,1719836280
87,antsiranana,-12.2787,49.2917,303.57,45,20,3.09,MG,1719836655
88,bodaybo,57.8506,114.1933,300.49,63,1,1.78,RU,1719836657
89,bhamo,24.2667,97.2333,297.66,99,100,0.99,MM,1719836658
90,misratah,32.3754,15.0925,304.76,47,0,5.42,LY,1719836660
91,asaita,11.5636,41.4394,314.0,17,63,2.5,ET,1719836662
92,melong,5.1218,9.9614,298.36,85,99,1.05,CM,1719836663
93,dakhla,23.6848,-15.958,295.16,68,40,15.43,EH,1719836665
94,nyurba,63.2842,118.3319,295.01,78,43,7.6,RU,1719836666
95,revda,56.801,59.9303,295.06,70,81,2.98,RU,1719836668
96,invercargill,-46.4,168.35,279.27,96,100,6.71,NZ,1719836669
97,gebeit,21.0667,36.3167,313.59,8,5,5.68,SD,1719836671
98,hermanus,-34.4187,19.2345,288.04,80,1,3.37,ZA,1719836672
99,bangjun,39.9911,117.2628,299.06,42,100,2.54,CN,1719836674
100,qaqortoq,60.7167,-46.0333,278.77,64,25,1.61,GL,1719836675
101,atafu village,-8.5421,-172.5159,301.68,75,100,5.54,TK,1719836677
102,anadyr,64.75,177.4833,282.43,70,0,8.94,RU,1719836678
103,diplo,24.4667,69.584,304.61,69,90,7.93,PK,1719836680
104,mossel bay,-34.1831,22.146,290.11,72,0,3.24,ZA,1719836683
105,flying fish cove,-10.4217,105.6791,296.97,94,100,6.69,CX,1719836684
106,sao joao da barra,-21.6403,-41.0511,292.2,82,100,3.73,BR,1719836686
107,sitka,57.0531,-135.33,286.09,82,100,1.54,US,1719836688
108,wailua homesteads,22.0669,-159.378,297.39,83,40,5.66,US,1719836689
109,pisco,-13.7,-76.2167,289.18,94,100,2.57,PE,1719836691
110,santiago de cao,-7.9589,-79.2392,290.22,88,100,3.6,PE,1719836692
111,new norfolk,-42.7826,147.0587,276.88,95,14,1.25,AU,1719836694
112,uturoa,-16.7333,-151.4333,299.52,80,79,9.0,PF,1719836696
113,necochea,-38.5473,-58.7368,280.09,79,74,3.76,AR,1719836697
114,jamiltepec,16.2833,-97.8167,294.86,96,100,0.43,MX,1719836699
115,dudinka,69.4058,86.1778,284.65,55,98,2.85,RU,1719836702
116,newman,37.3138,-121.0208,294.28,54,0,1.94,US,1719836704
117,whitehorse,60.7161,-135.0538,283.6,66,20,1.54,CA,1719836706
118,puerto asis,0.5133,-76.5007,294.31,99,44,0.24,CO,1719836708
119,remire-montjoly,4.9167,-52.2667,300.17,94,75,1.54,GF,1719836709
120,saipan,15.1355,145.701,301.54,83,20,4.63,MP,1719836711
121,achinsk,56.2694,90.4993,294.79,76,100,1.64,RU,1719836713
122,adrar,20.5022,-10.0711,313.28,11,67,4.18,MR,1719836714
123,la ronge,55.1001,-105.2842,288.29,77,75,1.03,CA,1719836716
124,la sarre,48.8002,-79.1996,286.89,77,2,2.8,CA,1719836717
125,adel,31.1371,-83.4235,299.23,99,37,1.21,US,1719836719
126,mata-utu,-13.2816,-176.1745,301.17,76,100,8.97,WF,1719836720
127,alesund,62.4723,6.1549,287.78,75,75,9.77,NO,1719836635
128,port mathurin,-19.6833,63.4167,296.25,75,4,8.3,MU,1719836723
129,madisonville,37.3281,-87.4989,291.07,79,27,1.34,US,1719836727
130,sos'va,59.1766,61.8558,294.68,76,70,5.17,RU,1719836728
131,moyynkum,44.2914,72.9469,303.5,16,54,11.42,KZ,1719836730
132,monticello,45.3055,-93.7941,289.79,78,5,4.17,US,1719836732
133,luganville,-15.5333,167.1667,298.46,86,68,4.84,VU,1719836734
134,papao,-17.75,-149.55,296.97,83,29,11.43,PF,1719836735
135,sal rei,16.1833,-22.9167,299.26,73,75,8.23,CV,1719836737
136,anloga,5.7947,0.8973,300.34,77,88,4.95,GH,1719836740
137,stanley,54.868,-1.6985,287.33,85,75,7.2,GB,1719836741
138,utrik,11.2278,169.8474,300.56,84,90,8.0,MH,1719836742
139,rouyn-noranda,48.2398,-79.0288,288.2,77,20,2.57,CA,1719836744
140,karatuzskoye,53.6072,92.8667,295.86,88,45,2.4,RU,1719836746
141,pemangkat,1.1667,108.9667,299.19,85,91,3.65,ID,1719836747
142,antonio enes,-16.2325,39.9086,299.79,59,4,4.72,MZ,1719836749
143,wuwei,37.9281,102.6414,297.29,29,4,2.33,CN,1719836494
144,coquimbo,-29.9533,-71.3436,285.36,86,0,1.03,CL,1719836752
145,wanning,18.8003,110.3967,301.67,87,97,4.75,CN,1719836754
146,vanimo,-2.6741,141.3028,299.24,88,99,2.58,PG,1719836755
147,tual,-5.6667,132.75,299.14,88,100,5.98,ID,1719836757
148,college,64.8569,-147.8028,290.14,81,100,0.0,US,1719836758
149,praia da vitoria,38.7333,-27.0667,296.29,68,20,4.46,PT,1719836760
150,yaren,-0.5472,166.916,301.77,76,16,6.46,NR,1719836761
151,fort mcmurray,56.7268,-111.381,287.92,72,0,2.57,CA,1719836763
152,yuzhno-kurilsk,44.0306,145.8556,284.82,86,64,10.34,RU,1719836764
153,kuraymah,18.55,31.85,315.86,7,2,2.51,SD,1719836766
154,katsuura,35.1333,140.3,298.16,93,100,11.57,JP,1719836711
155,zhaozhou,45.6833,125.3167,293.48,51,2,2.68,CN,1719836771
156,prado,-17.3411,-39.2208,297.66,73,95,1.43,BR,1719836773
157,kosh-agach,50.0,88.6667,294.73,40,92,5.29,RU,1719836774
158,alpena,45.0617,-83.4327,288.21,77,0,1.79,US,1719836777
159,hawaiian paradise park,19.5933,-154.9731,294.88,98,100,2.57,US,1719836780
160,aswan,24.0934,32.907,314.71,12,30,7.08,EG,1719836782
161,newnham,-41.3833,147.1333,274.63,93,3,1.54,AU,1719836783
162,ceylanpinar,36.8472,40.05,311.24,15,1,4.79,TR,1719836785
163,arkhangel'sk,64.5401,40.5433,292.21,59,75,3.0,RU,1719836788
164,shalkar,47.8288,59.6258,297.47,33,85,8.99,KZ,1719836790
165,minas de marcona,-15.2119,-75.1103,284.99,85,39,3.98,PE,1719836792
166,olonkinbyen,70.9221,-8.7187,277.76,94,35,3.0,SJ,1719836793
167,lucapa,-8.4192,20.7447,306.15,17,22,2.46,AO,1719836795
168,haiku-pauwela,20.9219,-156.3051,295.51,74,11,1.79,US,1719836796
169,pelabuhanratu,-6.9875,106.5514,298.65,89,67,1.03,ID,1719836798
170,asentamiento humano nicolas de pierola,-11.95,-76.7,282.11,63,20,0.47,PE,1719836799
171,queenstown,-31.8976,26.8753,294.93,23,33,5.92,ZA,1719836801
172,codrington,-38.2667,141.9667,282.68,73,97,3.66,AU,1719836802
173,salym,60.0625,71.4789,286.97,97,97,3.57,RU,1719836804
174,dabai,11.4765,5.2063,305.7,46,49,3.33,NG,1719836805
175,viedma,-40.8135,-62.9967,278.36,66,54,4.28,AR,1719836807
176,hasaki,35.7333,140.8333,299.37,90,100,7.06,JP,1719836808
177,vernon,50.2581,-119.2691,289.6,93,63,0.51,CA,1719836810
178,kavaratti,10.5669,72.642,300.89,86,100,6.62,IN,1719836811
179,felahiye,39.0906,35.5672,299.56,50,95,2.86,TR,1719836812
180,roma,43.2128,-75.4557,289.47,87,75,3.09,US,1719836814
181,howrah,22.5892,88.3103,304.15,84,75,3.6,IN,1719836561
182,tolanaro,-25.0319,46.9987,297.19,73,20,4.12,MG,1719836817
183,katima mulilo,-17.5,24.2667,301.99,18,0,1.94,NA,1719836819
184,alice springs,-23.7,133.8833,281.9,93,75,3.09,AU,1719836607
185,salug,8.1147,122.7833,299.34,86,100,1.38,PH,1719836822
186,birobidzhan,48.8,132.95,292.72,45,58,4.6,RU,1719836824
187,tongliao,43.6125,122.2653,295.51,38,92,3.38,CN,1719836825
188,zemio,5.0314,25.1361,305.77,43,24,1.39,CF,1719836827
189,la punta,-33.1837,-66.3127,280.02,35,4,1.66,AR,1719836828
190,puerto deseado,-47.7503,-65.8938,276.72,62,0,13.38,AR,1719836829
191,nevada,39.2502,-116.7512,285.97,39,22,1.67,US,1719836831
192,jamestown,42.097,-79.2353,289.01,94,0,5.14,US,1719836832
193,christchurch,-43.5333,172.6333,280.88,82,99,5.14,NZ,1719836834
194,vershino-darasunskiy,52.35,115.5167,296.5,47,29,1.8,RU,1719836835
195,sukuta,13.4103,-16.7082,306.16,62,75,2.57,GM,1719836837
196,soroti,1.7146,33.6111,301.96,38,78,1.38,UG,1719836838
197,aasiaat,68.7098,-52.8699,275.24,93,100,2.19,GL,1719836840
198,ishigaki,24.3448,124.1572,302.22,89,100,3.09,JP,1719836841
199,flin flon,54.7682,-101.865,288.06,82,100,1.03,CA,1719836843
200,nueva gerona,21.8833,-82.8,300.79,80,52,3.94,CU,1719836844
201,urucara,-2.5364,-57.76,298.93,84,3,1.5,BR,1719836846
202,fiambala,-27.6871,-67.6149,284.72,10,0,0.75,AR,1719836847
203,nova sintra,14.8667,-24.7167,293.64,81,27,7.47,CV,1719836849
204,smithers,54.7804,-127.1743,284.33,76,100,1.03,CA,1719836850
205,lihue,21.9789,-159.3672,297.73,77,40,5.66,US,1719836852
206,hamilton,39.1834,-84.5333,290.64,77,0,6.17,US,1719836853
207,sidi okba,34.7451,5.8983,316.31,12,40,7.72,DZ,1719836590
208,cidade velha,14.9167,-23.6167,302.41,51,20,5.66,CV,1719836856
209,bel ombre,-4.6167,55.4167,302.06,79,40,5.14,SC,1719836857
210,kedrovka,55.5333,86.05,292.64,87,100,1.65,RU,1719836859
211,aioun,16.6614,-9.6149,309.25,36,41,5.09,MR,1719836860
212,rongelap,11.1635,166.8941,301.44,71,96,8.81,MH,1719836862
213,bangkalan,-7.0455,112.7351,301.12,75,73,1.65,ID,1719836863
214,tchollire,8.4022,14.1698,297.83,83,100,3.59,CM,1719836865
215,winters,38.5249,-121.9708,292.04,78,0,0.0,US,1719836866
216,punta arenas,-53.15,-70.9167,274.21,93,75,12.35,CL,1719836868
217,soe,-9.8607,124.284,291.81,92,78,2.12,ID,1719836869
218,kismayo,-0.3582,42.5454,301.21,68,87,8.74,SO,1719836871
219,ribeira grande,38.5167,-28.7,298.37,53,20,7.72,PT,1719836872
220,lauro de freitas,-12.8944,-38.3272,298.16,83,75,2.06,BR,1719836874
221,hotan,37.0997,79.9269,307.64,15,4,3.32,CN,1719836876
222,bengkulu,-3.8004,102.2655,299.23,83,52,0.65,ID,1719836100
223,gandajika,-6.75,23.95,307.08,18,17,2.18,CD,1719836879
224,beyneu,45.3167,55.2,300.8,21,0,6.67,KZ,1719836881
225,linqiong,30.4159,103.4609,304.05,69,2,1.22,CN,1719836643
226,iquique,-20.2208,-70.1431,288.17,69,33,0.96,CL,1719836884
227,kolonia town,6.964,158.206,300.15,89,100,2.06,FM,1719836885
228,ghanzi,-21.5667,21.7833,298.44,20,0,4.77,BW,1719836887
229,santana,-0.0583,-51.1817,303.25,84,40,1.03,BR,1719836808
230,cabo san lucas,22.8909,-109.9124,300.76,74,17,4.47,MX,1719836890
231,yakeshi,49.2833,120.7333,294.72,44,22,2.61,CN,1719836892
232,labrador city,52.9463,-66.9114,287.1,67,40,4.63,CA,1719836893
233,afaahiti,-17.75,-149.2833,296.08,86,76,10.85,PF,1719836894
234,hakui,36.8833,136.7833,296.62,91,61,0.9,JP,1719836896
235,karasuk,53.7377,78.0403,295.6,68,87,6.58,RU,1719836897
236,labytnangi,66.6572,66.4183,287.34,40,10,4.52,RU,1719836899
237,puerto san jose,13.9256,-90.8244,297.18,94,100,0.0,GT,1719836901
238,jining,35.405,116.5814,295.72,95,100,5.57,CN,1719836799
239,guiratinga,-16.3494,-53.7583,294.16,60,8,1.19,BR,1719836904
240,tofol,5.3248,163.0078,301.54,75,59,5.38,FM,1719836906
241,oyo,7.85,3.9333,303.68,56,80,2.77,NG,1719836907
242,arraial do cabo,-22.9661,-42.0278,294.07,78,75,1.03,BR,1719836909
243,san jose de mayo,-34.3375,-56.7136,280.49,66,85,4.3,UY,1719836910
244,polewali,-3.4324,119.3435,299.14,90,100,2.06,ID,1719836912
245,garagoa,5.0824,-73.3633,289.14,89,59,0.75,CO,1719836914
246,eldorado,-23.7869,-54.2836,285.84,40,0,1.26,BR,1719836915
247,guozhen,34.3659,107.359,298.33,54,61,4.01,CN,1719836916
248,hujra shah muqim,30.7418,73.8236,318.92,20,26,1.08,PK,1719836918
249,suizhou,31.7111,113.3631,294.85,96,100,5.13,CN,1719836919
250,tinajo,29.0788,-13.7081,298.64,53,40,7.72,ES,1719836921
251,luorong,24.4058,109.6086,300.99,87,100,4.13,CN,1719836922
252,nantucket,41.2835,-70.0995,295.23,86,0,7.2,US,1719836924
253,nuevitas,21.5453,-77.2644,299.87,88,100,3.51,CU,1719836926
254,crest,44.7284,5.0272,298.93,45,64,7.46,FR,1719836885
255,lomza,53.1781,22.0593,296.11,66,96,4.62,PL,1719836704
256,iskateley,67.6803,53.1512,287.75,39,100,0.26,RU,1719836931
257,husan,31.7093,35.1347,299.82,39,0,7.77,PS,1719836932
258,luanda,-8.8368,13.2343,298.15,73,75,2.06,AO,1719836748
259,champerico,14.3,-91.9167,298.45,88,98,1.49,GT,1719836935
260,prince rupert,54.3161,-130.3201,284.2,95,100,5.66,CA,1719836937
261,khovd,48.0056,91.6419,301.32,23,100,7.06,MN,1719836938
262,east london,-33.0153,27.9116,296.67,73,20,5.66,ZA,1719836940
263,muna,20.4833,-89.7167,296.74,97,52,1.25,MX,1719836941
264,krasnovishersk,60.4078,57.082,294.65,62,97,2.59,RU,1719836944
265,sinabang,2.4803,96.3801,301.33,74,35,1.67,ID,1719836945
266,zouerate,22.7187,-12.4521,312.72,10,0,8.62,MR,1719836947
267,luwuk,-0.9516,122.7875,298.15,89,97,1.68,ID,1719836948
268,san felipe,10.3399,-68.7425,297.26,92,82,0.27,VE,1719836950
269,south venice,27.0531,-82.4243,299.85,96,22,0.45,US,1719836951
270,beaufort west,-32.3567,22.583,293.81,34,53,7.75,ZA,1719836953
271,padangsidempuan,1.3667,99.2667,297.32,92,97,0.27,ID,1719836956
272,shohimardon,39.9839,71.8028,300.58,80,100,1.81,UZ,1719836957
273,weno,7.4515,151.8468,299.12,94,100,3.6,FM,1719836959
274,mount gambier,-37.8333,140.7667,282.11,63,94,1.92,AU,1719836960
275,ta`u,-14.2336,-169.5144,300.26,77,80,8.41,AS,1719836962
276,san patricio,28.017,-97.5169,301.96,88,36,2.23,US,1719836963
277,atar,20.5169,-13.0499,313.18,17,4,9.26,MR,1719836965
278,cururupu,-1.8283,-44.8683,301.57,72,62,2.52,BR,1719836966
279,la'ie,21.6477,-157.9253,297.29,79,8,2.24,US,1719836968
280,kattivakkam,13.2167,80.3167,306.2,71,100,7.3,IN,1719836969
281,kupino,54.3663,77.2981,296.66,59,87,5.46,RU,1719836971
282,nadi,-17.8,177.4167,295.15,73,20,4.63,FJ,1719836973
283,nikolayevsk-on-amure,53.1406,140.73,285.88,73,3,0.81,RU,1719836974
284,chernomorskoye,45.5039,32.6997,300.27,57,4,7.47,UA,1719836976
285,licheng,23.2955,113.8284,301.48,74,69,4.58,CN,1719836977
286,sandnessjoen,66.0217,12.6316,288.44,77,75,2.57,NO,1719836979
287,malvan,16.0667,73.4667,301.79,83,100,8.81,IN,1719836707
288,dryden,49.7833,-92.7503,287.31,77,0,4.12,CA,1719836982
289,kiiminki,65.1314,25.7974,289.69,100,100,2.22,FI,1719836983
290,darwin,-12.4611,130.8418,299.14,73,0,3.6,AU,1719836985
291,berkane,34.9084,-2.3461,304.97,33,0,5.06,MA,1719836987
292,barcelos,41.5388,-8.6151,300.33,51,1,3.32,PT,1719836989
293,murun-kuren,49.6342,100.1625,294.01,60,89,1.43,MN,1719836994
294,avarua,-21.2078,-159.775,295.18,100,100,4.12,CK,1719836996
295,amasra,41.7463,32.3863,302.18,63,0,3.62,TR,1719836998
296,kundiawa,-6.0167,144.9667,289.61,97,89,1.24,PG,1719836999
297,broome,42.2506,-75.833,288.34,93,100,3.09,US,1719837003
298,carnarvon,-24.8667,113.6333,293.39,59,0,5.2,AU,1719836856
299,santo domingo zanatepec,16.4831,-94.3475,297.62,95,100,0.96,MX,1719837013
300,portland,45.5234,-122.6762,289.81,90,37,0.45,US,1719837015
301,viru,-8.4167,-78.75,293.42,69,30,1.82,PE,1719837016
302,sayan,-11.1361,-77.1933,294.71,57,6,0.99,PE,1719837018
303,pastavy,55.1168,26.8326,299.37,73,100,5.08,BY,1719837019
304,lodja,-3.4833,23.4333,311.45,18,8,1.83,CD,1719837021
305,vila velha,-20.3297,-40.2925,296.12,73,75,4.12,BR,1719837023
306,safi,32.1667,-8.8333,302.8,30,0,6.68,MA,1719837025
307,rawson,-43.3002,-65.1023,278.24,54,12,9.05,AR,1719837026
308,wewak,-3.5534,143.6268,299.72,86,100,3.32,PG,1719837028
309,bissora,12.2231,-15.4475,302.19,80,100,2.41,GW,1719837030
310,aginskoye,51.1,114.53,297.43,40,5,2.55,RU,1719837031
311,reo,12.3167,-2.4667,307.53,39,100,4.55,BF,1719837033
312,pori,61.4833,21.7833,290.19,88,100,4.63,FI,1719837034
313,sudak,44.85,34.9667,302.24,42,19,1.71,UA,1719837036
314,yeppoon,-23.1333,150.7333,293.85,85,97,1.54,AU,1719837039
315,port lincoln,-34.7333,135.8667,284.13,71,11,3.07,AU,1719837041
316,kerikeri,-35.2268,173.9474,286.43,92,100,2.88,NZ,1719837043
317,bac lieu,9.285,105.7244,301.79,73,76,4.37,VN,1719837023
318,puerto baquerizo moreno,-0.9,-89.6,294.16,87,6,3.02,EC,1719837046
319,shahbazpur,33.2748,72.2646,316.62,20,0,1.09,PK,1719837049
320,mill plain,45.6429,-122.494,289.33,92,76,0.32,US,1719837052
321,xilin hot,43.9667,116.0333,293.2,35,100,5.71,CN,1719837054
322,samux,40.7647,46.4085,302.71,42,40,10.29,AZ,1719837057
323,yanam,16.7333,82.2167,299.2,92,100,0.65,IN,1719837059
324,ancud,-41.8697,-73.8203,279.31,92,100,2.08,CL,1719837080
325,ghazni,33.5536,68.4269,304.77,12,0,6.87,AF,1719837081
326,saldanha,-33.0117,17.9442,290.18,74,20,3.03,ZA,1719837014
327,mujiayingzi,42.1167,118.7833,293.6,36,100,1.84,CN,1719837084
328,cochrane,51.1834,-114.4687,286.43,73,100,3.6,CA,1719837086
329,severo-yeniseyskiy,60.3725,93.0408,293.53,63,84,2.61,RU,1719837087
330,teguise,29.0605,-13.564,297.27,53,40,7.72,ES,1719837089
331,tazacorte,28.629,-17.9293,296.57,82,75,6.69,ES,1719837091
332,aykhal,66.0,111.5,287.97,72,26,2.33,RU,1719837093
333,naze,28.3667,129.4833,299.66,88,89,4.6,JP,1719837095
334,priob'ye,62.5206,65.5964,293.04,32,9,3.45,RU,1719837097
335,lichinga,-13.3128,35.2406,295.2,37,75,3.09,MZ,1719837007
336,polillo,14.7122,121.9392,300.27,86,72,2.39,PH,1719837100
337,hobyo,5.3505,48.5268,301.45,68,87,13.7,SO,1719837101
338,lompoc,34.6391,-120.4579,285.38,94,100,3.09,US,1719837103
339,takoradi,4.8845,-1.7554,300.65,72,24,3.69,GH,1719837104
340,khmelnytskyi,49.4216,26.9965,304.0,42,99,4.11,UA,1719837026
341,isafjordur,66.0755,-23.124,286.17,47,75,4.12,IS,1719837107
342,akureyri,65.6835,-18.0878,287.11,54,40,7.72,IS,1719837109
343,ocher,57.8904,54.7202,299.36,49,66,4.77,RU,1719837110
344,bandarbeyla,9.4942,50.8122,305.26,49,41,11.97,SO,1719837112
345,mangalia,43.8,28.5833,301.57,41,4,4.63,RO,1719837114
346,havre,49.5833,0.3333,292.37,68,0,4.63,FR,1719837115
347,kondoa,-4.9,35.7833,299.75,30,57,3.19,TZ,1719837117
348,cambria,35.5641,-121.0808,289.25,71,0,2.79,US,1719837118
349,nioki,-2.7167,17.6833,313.28,18,2,0.7,CD,1719837120
350,island harbour,50.724,-1.2758,292.69,63,100,2.24,GB,1719837121
351,nurota,40.5614,65.6886,301.2,13,0,7.02,UZ,1719837125
352,oyama,36.3,139.8,302.36,78,100,1.12,JP,1719837126
353,calingasta,-31.3308,-69.4078,283.37,16,0,0.91,AR,1719837128
354,deoband,29.7,77.6833,308.51,50,4,1.99,IN,1719837132
355,lensk,60.7253,114.9278,299.44,43,100,2.18,RU,1719837133
356,kuvshinovo,57.0295,34.1725,304.65,37,74,4.43,RU,1719837135
357,port alfred,-33.5906,26.891,296.14,65,97,2.37,ZA,1719837136
358,ulaangom,49.9811,92.0667,301.55,33,100,0.64,MN,1719837140
359,himimachi,36.85,136.9833,296.6,90,99,0.23,JP,1719837141
360,eraan,9.0629,117.7016,299.65,87,100,0.54,PH,1719837143
361,amga,60.8953,131.9608,293.04,73,95,2.29,RU,1719837145
362,dire dawa,9.5931,41.8661,304.95,32,100,1.32,ET,1719837146
363,belmonte,-15.8631,-38.8828,298.84,69,35,1.88,BR,1719837148
364,harper,4.375,-7.7169,299.45,76,100,5.01,LR,1719837149
365,cockburn town,21.4612,-71.1419,301.31,84,56,8.47,TC,1719837151
366,swakopmund,-22.6833,14.5333,292.62,79,5,2.68,NA,1719837006
367,box elder,41.5005,-112.8764,291.63,54,100,1.1,US,1719837154
368,montagu,-40.7667,144.9667,279.34,75,23,3.44,AU,1719837155
369,narimanov,46.6927,47.8498,306.1,18,1,4.33,RU,1719837156
370,juan griego,11.0817,-63.9655,299.22,100,100,2.06,VE,1719837160
371,braganca,-1.0536,-46.7656,303.23,65,35,2.14,BR,1719837162
372,matoury,4.8483,-52.3317,300.13,94,75,1.54,GF,1719837164
373,bridgewater,44.3835,-64.5155,291.3,94,100,1.03,CA,1719837165
374,biltine,14.5333,20.9167,311.08,22,93,3.03,TD,1719837173
375,macau,22.2006,113.5461,304.04,84,20,4.63,MO,1719837060
376,bikenibeu village,1.3673,173.1241,302.13,79,20,3.09,KI,1719837180
377,pailin,12.849,102.6093,298.02,92,100,1.33,KH,1719837182
378,lospalos,-8.5186,127.0025,295.6,94,97,2.74,TL,1719837184
379,t'ongch'on-up,38.9539,127.8917,294.65,95,99,2.9,KP,1719837187
380,salekhard,66.53,66.6019,287.65,39,12,4.16,RU,1719837188
381,pyetrykaw,52.1289,28.4921,305.17,39,0,5.76,BY,1719837190
382,stettler,52.3168,-112.7186,285.79,94,100,2.72,CA,1719837191
383,york,40.1254,-77.0,291.36,64,7,5.74,US,1719836793
384,yulinshi,38.2906,109.7494,298.48,31,7,6.41,CN,1719837195
385,dzilam gonzalez,21.2833,-88.9333,300.07,84,4,2.7,MX,1719837197
386,maceio,-9.6658,-35.7353,296.84,94,75,3.09,BR,1719837198
387,nykvarn,59.8,18.3,293.84,46,99,3.43,SE,1719837202
388,merizo village,13.2658,144.6691,301.0,95,33,6.51,GU,1719837203
389,howard springs,-12.497,131.047,299.1,88,10,3.05,AU,1719837205
390,idri,27.5,13.2667,312.79,11,0,5.95,LY,1719837206
391,namtsy,62.7161,129.6658,295.88,67,82,5.6,RU,1719837208
392,ivdel',60.6911,60.4206,288.93,65,100,4.17,RU,1719837210
393,dossor,47.5272,52.9811,303.55,26,11,5.65,KZ,1719837211
394,al jawf,29.5,38.75,310.54,12,0,3.61,SA,1719837213
395,korla,41.7597,86.1469,306.71,20,94,2.52,CN,1719837214
396,lebu,-37.6167,-73.65,284.37,95,100,4.41,CL,1719837216
397,burela de cabo,43.65,-7.4,292.63,72,11,3.54,ES,1719837217
398,sabang,5.8933,95.3214,302.0,66,100,2.0,ID,1719837219
399,selfoss,63.9331,-20.9971,284.29,72,81,6.22,IS,1719837220
400,kone,-21.0595,164.8658,294.61,70,100,1.58,NC,1719837223
401,castillos,-34.1667,-53.8333,282.0,65,100,5.52,UY,1719837224
402,balqash,46.8481,74.995,301.48,16,0,11.0,KZ,1719837226
403,nova vicosa,-17.8919,-39.3719,298.73,68,95,0.27,BR,1719837227
404,marat,25.0701,45.4615,315.77,5,6,2.33,SA,1719837229
405,tralee,52.2704,-9.7026,289.29,82,100,4.63,IE,1719837230
406,ulsteinvik,62.3432,5.8487,287.77,76,80,7.6,NO,1719837232
407,lieksa,63.3167,30.0167,290.81,89,100,3.58,FI,1719837233
408,alofi,-19.0595,-169.9187,296.09,88,75,5.14,NU,1719837235
409,gwadar,25.1216,62.3254,303.31,82,3,6.69,PK,1719837236
410,vilyuchinsk,52.9306,158.4028,282.3,97,100,1.0,RU,1719837238
411,kaoma,-14.7833,24.8,301.86,20,0,2.12,ZM,1719837239
412,mount pearl,47.5166,-52.7813,290.34,98,100,13.89,CA,1719837026
413,barrouallie,13.2333,-61.2667,299.1,84,100,16.4,VC,1719837242
414,tsiombe,-25.3,45.4833,297.33,40,0,4.34,MG,1719837244
415,dunedin,-45.8742,170.5036,280.82,97,100,4.02,NZ,1719837014
416,luderitz,-26.6481,15.1594,290.35,67,0,4.06,NA,1719837247
417,egilsstadir,65.2653,-14.3948,285.1,82,75,5.14,IS,1719837248
418,bonanza,14.0289,-84.591,297.0,96,76,1.14,NI,1719837250
419,jieshou,33.2634,115.3611,296.03,89,100,9.15,CN,1719837252
420,psyzh,44.2331,42.0183,299.1,47,100,8.9,RU,1719837253
421,laguna,38.421,-121.4238,293.4,76,0,0.0,US,1719837255
422,shetpe,44.1667,52.1167,302.0,20,0,5.95,KZ,1719837256
423,shahrak,34.1074,64.3052,297.19,27,0,9.91,AF,1719837258
424,noshiro,40.2039,140.0242,289.31,85,11,1.92,JP,1719837259
425,serdar,38.9764,56.2757,306.66,18,0,4.44,TM,1719837261
426,camana,-16.6228,-72.7111,291.92,71,5,3.21,PE,1719837264
427,port douglas,-16.4833,145.4667,295.2,84,100,3.55,AU,1719837266
428,princeville,45.7668,-61.2985,292.37,97,100,3.6,CA,1719837267
429,ichinoseki,38.9167,141.1333,294.01,84,82,2.48,JP,1719837271
430,vernal,40.4555,-109.5287,290.74,55,0,2.57,US,1719837274
431,falkenberg,56.9055,12.4912,292.18,70,1,5.48,SE,1719837235
432,pampa,35.5362,-100.9599,299.68,78,0,5.14,US,1719837277
433,brezina,33.0989,1.2608,312.37,10,0,6.57,DZ,1719837278
434,pacasmayo,-7.4006,-79.5714,291.02,84,74,4.06,PE,1719837280
435,priyutnoye,46.1011,43.5072,306.49,14,43,6.02,RU,1719837282
436,villa emilio carranza,19.9667,-96.6,297.64,95,100,6.38,MX,1719837283
437,constantia,44.1833,28.65,306.53,43,5,4.65,RO,1719837062
438,chakari,-18.0629,29.8925,298.9,21,0,1.56,ZW,1719837287
439,enewetak,11.3474,162.3373,301.86,77,100,8.48,MH,1719837289
440,cidreira,-30.1811,-50.2056,283.23,57,1,3.83,BR,1719837297
441,oblivskaya,48.5362,42.5014,306.02,23,4,3.14,RU,1719837299
442,carutapera,-1.195,-46.02,302.71,66,33,3.46,BR,1719837301
443,rayong,12.8333,101.4333,302.48,100,100,1.79,TH,1719837302
444,guerrero negro,27.9769,-114.0611,290.87,94,36,3.49,MX,1719837304
445,nyagan,62.1406,65.3936,292.8,33,53,2.18,RU,1719837260
446,mana,5.6592,-53.7767,301.95,75,79,4.59,GF,1719837306
447,auki,-8.7676,160.7034,298.18,90,78,2.2,SB,1719837308
448,okhotsk,59.3833,143.3,283.23,88,59,5.11,RU,1719837309
449,kotli,33.5167,73.9167,309.2,40,66,1.32,PK,1719837311
450,kristiansund,63.1115,7.732,285.18,93,75,8.23,NO,1719837312
451,boryeong,36.3493,126.5977,297.13,85,68,1.02,KR,1719837314
452,lido di ostia,41.7321,12.2765,305.06,69,0,5.66,IT,1719837316
453,mgandu,-5.95,34.1333,299.56,25,11,3.19,TZ,1719837317
454,turan,16.0678,108.2208,304.14,66,20,2.06,VN,1719837297
455,rawai,7.7797,98.3253,300.21,73,100,5.04,TH,1719837322
456,gedo,9.0167,37.45,289.16,84,98,2.19,ET,1719837324
457,muisne,0.6,-80.0333,298.35,88,99,4.76,EC,1719837327
458,cuprija,43.9275,21.37,307.05,40,0,1.22,RS,1719837142
459,sao lourenco do sul,-31.3653,-51.9783,282.53,61,63,4.53,BR,1719837330
460,oranjestad,12.524,-70.027,303.12,72,40,7.72,AW,1719837331
461,santa elena de uairen,4.6167,-61.1333,296.13,79,74,1.79,VE,1719837333
462,mar del plata,-38.0023,-57.5575,282.09,78,0,5.14,AR,1719837292
463,grand falls-windsor,48.9332,-55.6649,293.43,84,100,0.45,CA,1719837336
464,chui,-33.6971,-53.4616,281.83,68,100,5.62,UY,1719837337
465,ataq,14.5377,46.8319,310.9,11,97,4.19,YE,1719837339
466,andergrove,-21.0833,149.1833,291.84,89,7,1.76,AU,1719837275
467,kruisfontein,-34.0033,24.7314,291.97,52,100,0.63,ZA,1719837342
468,caleta de carquin,-11.0925,-77.6267,290.99,84,68,3.13,PE,1719837344
469,newport,51.5877,-2.9984,290.91,81,100,5.47,GB,1719837347
470,east ballina,-28.8667,153.5833,286.93,83,98,5.64,AU,1719837348
471,kapa'a,22.0752,-159.319,297.33,77,40,5.66,US,1719837350
472,condoto,5.0935,-76.6497,298.75,90,88,0.85,CO,1719837352
473,yinchuan,38.4681,106.2731,299.37,26,8,2.78,CN,1719837353
474,loiza,18.4313,-65.8802,304.15,76,40,6.17,PR,1719837355
475,kourou,5.1552,-52.6478,300.18,81,68,3.33,GF,1719837356
476,irymple,-34.25,142.1667,282.09,70,95,3.61,AU,1719837357
477,chilon,17.2333,-92.4167,293.31,97,100,1.66,MX,1719837359
478,hultsfred,57.4882,15.8436,294.99,38,91,5.17,SE,1719837360
479,yerofey pavlovich,53.9667,121.9667,294.22,59,11,1.25,RU,1719837362
480,kargil,34.5667,76.1,296.12,30,48,3.62,IN,1719837125
481,singaraja,-8.112,115.0882,299.34,84,100,1.75,ID,1719837365
482,chanthaburi,12.8333,102.1667,297.67,92,100,0.92,TH,1719837367
483,wotho,10.1657,166.0102,301.81,73,100,6.81,MH,1719837368
484,woolgoolga,-30.1106,153.2007,286.51,88,96,6.19,AU,1719837370
485,imam qasim,32.298,44.6828,319.18,6,0,7.87,IQ,1719837371
486,luchegorsk,46.4764,134.2569,288.54,81,29,2.78,RU,1719837109
487,elizabeth city,36.2946,-76.2511,294.26,89,100,7.72,US,1719837374
488,kotel'nikovo,47.6317,43.1461,305.58,16,0,2.49,RU,1719837369
489,koronowo,53.3137,17.937,298.59,57,53,3.29,PL,1719837377
490,souillac,-20.5167,57.5167,294.36,94,75,4.63,MU,1719837379
491,kill devil hills,36.0307,-75.676,294.15,96,100,8.75,US,1719837380
492,xiamen,24.4798,118.0819,302.73,89,20,3.0,CN,1719837348
493,leava,-14.3,-178.1667,300.24,80,98,9.63,WF,1719837383
494,maizuru,35.45,135.3333,295.84,95,100,0.87,JP,1719837274
495,akividu,16.6,81.3833,300.74,87,100,1.92,IN,1719837386
496,cooper's town,26.8667,-77.5167,300.98,77,2,4.27,BS,1719837389
497,altay,47.8667,88.1167,296.23,56,53,0.91,CN,1719837390
498,tazovsky,67.4667,78.7,279.61,66,49,11.45,RU,1719837392
499,deqen,29.9618,90.7188,287.12,74,13,0.87,CN,1719837393
500,wellington,-41.2866,174.7756,285.96,81,75,9.77,NZ,1719837395
501,cannonvale,-20.2833,148.7,294.81,85,11,3.7,AU,1719837396
502,sidi akkacha,36.4647,1.3026,305.31,54,0,8.55,DZ,1719837398
503,puerto real,36.5282,-6.1901,299.22,73,20,4.12,ES,1719837178
504,ghat,24.9647,10.1728,311.55,12,52,9.07,LY,1719837401
505,angaur state,6.906,134.13,301.95,70,10,2.08,PW,1719837402
506,taksimo,56.3444,114.8794,299.46,42,38,0.38,RU,1719837404
507,nampula,-15.1165,39.2666,301.12,39,75,3.6,MZ,1719837405
508,olinda,-8.0089,-34.8553,301.0,69,40,5.14,BR,1719837407
509,cooma,-36.2333,149.1333,275.84,91,26,1.08,AU,1719837412
510,tacuarembo,-31.7333,-55.9833,281.44,65,8,3.93,UY,1719837417
511,paso de los libres,-29.7131,-57.0899,282.24,61,0,2.71,AR,1719837419
512,sanshui,23.1549,112.8916,305.14,70,80,4.86,CN,1719837421
513,awjilah,29.1081,21.2869,310.26,12,0,7.03,LY,1719837422
514,nabire,-3.3667,135.4833,298.24,91,100,1.09,ID,1719837424
515,xuddur,4.1213,43.8894,305.28,36,89,11.32,SO,1719837425
516,alta sierra,35.7291,-118.5495,285.25,63,0,2.51,US,1719837427
517,lakatoro,-16.0999,167.4164,298.1,85,32,3.92,VU,1719837429
518,kununurra,-15.7667,128.7333,301.14,57,47,3.09,AU,1719837430
519,holualoa,19.6228,-155.9522,296.41,51,0,0.0,US,1719837432
520,verkhnevilyuysk,63.4453,120.3167,292.45,91,72,7.99,RU,1719837433
521,pangody,65.85,74.4859,283.84,49,54,9.23,RU,1719837435
522,wanganui,-39.9333,175.05,283.62,88,12,5.38,NZ,1719837436
523,great falls,47.5002,-111.3008,287.42,78,0,5.66,US,1719837438
524,kenai,60.5544,-151.2583,285.2,79,100,0.0,US,1719837439
525,ambon,-3.6954,128.1814,300.3,95,40,1.03,ID,1719837441
526,nambucca,-30.6333,152.9833,286.39,82,99,4.0,AU,1719837442
527,kuragino,53.8975,92.6725,295.85,88,100,2.08,RU,1719837444
528,chhabra,24.6667,76.8333,304.18,63,100,5.04,IN,1719837445
529,maslyanino,54.3436,84.2111,294.85,91,2,1.63,RU,1719837447
530,piedra blanca,18.8443,-70.3169,298.11,76,67,0.87,DO,1719837448
531,izluchinsk,60.9794,76.9242,288.16,85,100,4.96,RU,1719837450
532,colonia,50.9333,6.95,293.78,61,20,5.14,DE,1719837451
533,namdrik,5.5994,168.1028,301.59,73,34,3.45,MH,1719837453
534,chonchi,-42.6128,-73.8092,276.55,91,100,0.46,CL,1719837454
535,rincon,32.296,-81.2354,300.34,92,100,0.0,US,1719837456
536,edson,53.5835,-116.4356,285.23,87,20,2.57,CA,1719837457
537,aso,32.9551,131.0967,295.13,99,100,1.83,JP,1719837428
538,richards bay,-28.783,32.0377,299.6,39,0,4.01,ZA,1719837235
539,sydney mines,46.2367,-60.2177,294.01,95,75,3.6,CA,1719837462
540,lau,9.2167,11.2833,300.28,76,100,3.27,NG,1719837463
541,xiaoweizhai,26.1903,107.5125,294.7,98,100,0.79,CN,1719837465
542,al bawiti,28.3492,28.8659,310.3,18,0,5.1,EG,1719837466
543,longquan,24.6719,102.1613,292.6,97,100,1.23,CN,1719837468
544,bako,5.7833,36.5667,299.73,43,52,1.43,ET,1719837469
545,qaryat suluq,31.6682,20.2521,307.75,28,0,8.65,LY,1719837471
546,ulladulla,-35.35,150.4667,283.83,77,95,4.76,AU,1719837472
547,guerrero,17.6667,-100.0,293.06,98,100,1.1,MX,1719837474
548,boonville,38.9736,-92.7432,292.59,75,0,3.6,US,1719837475
549,hadibu,12.65,54.0333,302.74,59,100,9.73,YE,1719837477
550,spanish fort,30.6749,-87.9153,300.01,88,20,4.12,US,1719837478
551,torghay,49.6339,63.4981,293.07,56,99,7.18,KZ,1719837480
552,ormara,25.2088,64.6357,302.48,87,100,7.17,PK,1719837481
553,saint-philippe,-21.3585,55.7679,294.92,86,97,4.18,RE,1719837483
554,montella,40.8437,15.0179,300.93,32,62,2.93,IT,1719837418
555,kaliganj,23.4095,89.1402,301.67,81,100,3.0,BD,1719837488
556,yonan-up,37.9089,126.1611,294.8,91,29,0.48,KP,1719837490
557,san antonio de pale,-1.4014,5.6325,296.81,77,79,5.99,GQ,1719837491
558,kyshtovka,56.555,76.6271,296.61,82,6,3.12,RU,1719837493
559,lander,42.833,-108.7307,290.37,61,0,3.6,US,1719837494
560,ko lanta,7.5336,99.0865,301.92,71,100,2.54,TH,1719837496
561,svetlyy,54.675,20.1347,293.18,70,92,4.33,RU,1719837299
562,santa ana de yacuma,-13.75,-65.4333,288.12,67,75,2.06,BO,1719837499
563,kamyzyak,46.11,48.0736,306.14,18,0,1.0,RU,1719837500
564,lang son,21.8333,106.7333,301.16,77,100,2.12,VN,1719837311
565,coahuayana de hidalgo,18.7,-103.6583,297.7,90,99,1.26,MX,1719837503
566,ninghai,29.2892,121.4247,298.69,99,100,2.0,CN,1719837504
567,bubaque,11.2833,-15.8333,300.99,77,100,3.83,GW,1719837506
568,neftegorsk,52.802,51.166,301.18,39,75,4.25,RU,1719837221
569,tokar,18.4254,37.729,311.75,29,52,7.14,SD,1719837509
570,larreynaga,12.6769,-86.5719,297.85,90,100,1.01,NI,1719837512
571,eyl,7.9803,49.8164,307.57,40,100,11.39,SO,1719837515
572,tondano,1.3038,124.9112,294.2,96,100,0.73,ID,1719837518
573,maputo,-25.9653,32.5892,298.97,47,0,4.12,MZ,1719837519
574,reggane,26.7158,0.1714,321.26,5,0,5.57,DZ,1719837521
575,kokkola,63.8385,23.1307,288.67,94,100,3.6,FI,1719837522
576,tanaina,61.6269,-149.4281,285.84,74,75,5.66,US,1719837523
577,hono,57.6897,11.6497,292.17,68,16,7.86,SE,1719837525
578,trenggalek,-8.05,111.7167,296.97,96,98,1.63,ID,1719837402
